id,name,address
10936_var2,"Deghdegh, Ahmed",Sdgt
10936_var2_po8894,"Deghdegh, Ahmed",Balkans
10936_var2_col1_5842,Linda Williams,8940 Elm St
10936,Linda Williams,8940 Elm St
10936_aug8867,Linda Williams,9840 Elm St
10735_var1,Jennifer Garcia,6380 Oak St
10780_var3,Joseph Gonzalez,4605 Oak St
10780_var3_aug7458,Joseph Gonzalez,6405 Oak St
25341_var4,Abba,Iran] [Npwmd] [Ifsr
10936_var6,Michael Brown,"2512 Main St, Charlotte, Nc 27604"
10936_var6_aug7906,Mick Brown,"2512 Main St, Charlotte, Nc 27604"
10936_var1,Linda Williams,8940 Elm St
10936_var1_aug5895,Linda Williams,9840 Elm St
10878_var6,Elizabeth Anderson,4771 Elm St
10878_var6_aug9604,Elizabeth T. Anderson,4771 Elm St
10189_var8,Joseph Wilson,3366 Maple St
10189_var8_aug4134,Joseph Wilson,3366 Maple Street
10735_var5,Jennifer Garcia,6380 Oak St
25749_var1,"Gonzalez Valencia, Erika",Sdntk
10780_var8,Joseph Gonzalez,6405 Oak St
10735_var9_col1_4734,Jennifer Garcia,6380 Ok St
10735_var3_col2_4495,David Jones,"2233 Pine St, Winston-Salem, Nc 27077"
10189_var9,Sarah Miller,"2038 Maple Street, Charlotte, Nc 27324"
10189_var1,Joseph Wilson,3366 Maple St
10189_var4,Joseph Wilson,3366 Maple St
10936_ph2_7648,Christophr Johnes,"2512 Main St, Charlotte, Nc 27604"
10936_var5,"Deghdegh, Ahmed",Sdgt
10936_var4,"Deghdegh, Ahmed",Sdgt
12573_var8,Matthew oJhnson,"1817 Main St, Raleigh, Nc 28681"
10189,Joseph Wilson,3366 Maple St
10936_var3_ac1_1907,Linda Williams,"8940 Elm Street, Houston, TX 77001"
10936_var3_ac2_7974,Linda Williams,"8940 Elm Street, Durham, NC 27701"
12573_var3,Jennifer Martinez,6756 Elm St
12573_var9_ph1_8719,Matthew Johnson,"1817 Main St, Raleigh, Nc 28681"
12573_var6_col1_9371,Matthew Johnson,"1817 Main St, Raleigh, Nc 28681"
10936_var3,Michael Brown,"2512 Main St, Charlotte, Nc 27604"
10936_var3_aug9140,Michael Brown,"2512 Main Street, Charlotte, Nc 27604"
10936_var4_aug9061,Linda V. Williams,8940 Elm St
21666_var5,"Comercializadora Trade Clear, S.A. De C.V.",Sdntk
12573_var7_ph2_5489,Ssan Rodrguez,6756 Elm St
12573_var2_col2_9470,Jennifer Martinez,2354 Main St
10735_var7_ac1_3604,David Jones,"9720 Maple St, Portland, OR 97201"
10735_var7_ac2_6974,David V. Jones,"9720 Maple St, Charlotte, NC 28201"
10780,Joseph Gonzalez,6405 Oak St
10780_var5_ph1_6592,Christopher Jones,"3932 Main St, Charlotte, Nc 28975"
10735_var1_po3622,Christopher Smith,"Greensboro, 9720 Maple St"
10936_var3_aug7996,Linda Williaqs,8940 Elm St
10936_col1_4478,Linda Williams,8940 Elm St
23625_var5,"Muhammad, Faqir",Sdgt
12573_var4_ac1_5907,Matthew Johnson,"1817 Main St, Nashville, TN 37201"
12573_var4_ac2_4920,Matthew Johnson,"1817 Main St, Phoenix, AZ 85001"
10878_var3,Matthew Johnson,"478 Cedar St Charlotte, Nc 27926"
10189_var2_ac1_6273,Sarah Miller,"2038 Maple St, Austin, TX 73301"
10189_var2_ac2_6550,Sarah Miller,"2038 Maple St, Austin, MN 55912"
10878_var8,Elizabeth Anderson,4771 Elm St
10878_var8_aug3455,Elizabeth S. Anderson,4771 Elm St
10780_var1,Joseph Gonzalez,6405 Oak St
10780_var5,Joseph Gonzalez,6405 Oak St
10780_var9,Joseph Gonzalez,6405 Oak St
10735_var2,Jennifer Garcia,6380 Oak St
10735_var4,Jennifer Garcia,6380 Oak St
10878_var4,Matthew Johnson,"4728 Cedar St, Charlotte, Nc 27926"
10189_var4_aug9075,sarah Miller,"238 Maple St, Charlotte, Nc 27324"
10936_var9,Linda Williams,8940 Elm St
12573,Matthew Johnson,"1817 Main St, Raleigh, Nc 28681"
12573_aug6583,Matthew Johnson,"1817 Main Street, Raleigh, Nc 28681"
16532_var5_col2_7845,"Malekouti Pour, Hamidreza",Sdgt
